Workbook

Sheet 评分结果
A1: 熊猫骑自行车 SVG 动画评分结果（15 个文件，100 分制）
A2: 图例：蓝色=评分输入（可改）；黑色=公式；绿色=引用"评分制度"表；黄色底=本对话中 Claude 自己生成的文件（与 Sonnet5_5_Extra_1.svg 逐字节相同，存在利益冲突）。评分有 ±3 分的主观误差。
C3: A 形象还原 | F3: B 动画 | J3: C 视觉设计 | M3: D 技术 | P3: 维度小计
A4: 排名 | B4: 文件 | C4: A1 熊猫辨识度 | D4: A2 自行车结构 | E4: A3 人车融合 | F4: B1 核心动作 | G4: B2 次级动画 | H4: B3 速度感与环境 | I4: B4 循环与稳定 | J4: C1 构图配色 | K4: C2 场景层次 | L4: C3 细节完成度 | M4: D1 有效性与干净渲染 | N4: D2 实现质量 | O4: D3 健壮性 | P4: A 形象 | Q4: B 动画 | R4: C 视觉 | S4: D 技术 | T4: 总分 | U4: 档位 | V4: 一句话点评
B5: 满分 | C5: =评分制度!D4 -> 12 | D5: =评分制度!D5 -> 8 | E5: =评分制度!D6 -> 10 | F5: =评分制度!D7 -> 15 | G5: =评分制度!D8 -> 8 | H5: =评分制度!D9 -> 7 | I5: =评分制度!D10 -> 5 | J5: =评分制度!D11 -> 8 | K5: =评分制度!D12 -> 7 | L5: =评分制度!D13 -> 5 | M5: =评分制度!D14 -> 5 | N5: =评分制度!D15 -> 5 | O5: =评分制度!D16 -> 5 | P5: =SUM(C5:E5) -> 30 | Q5: =SUM(F5:I5) -> 35 | R5: =SUM(J5:L5) -> 20 | S5: =SUM(M5:O5) -> 15 | T5: =SUM(P5:S5) -> 100
A6: =RANK(T6,$T$6:$T$20,0) -> 1 | B6: Sonnet5_5_Max-thinking | C6: 11 | D6: 7 | E6: 8 | F6: 14 | G6: 7 | H6: 6 | I6: 4 | J6: 7 | K6: 6 | L6: 5 | M6: 5 | N6: 4 | O6: 4 | P6: =SUM(C6:E6) -> 26 | Q6: =SUM(F6:I6) -> 31 | R6: =SUM(J6:L6) -> 18 | S6: =SUM(M6:O6) -> 13 | T6: =SUM(P6:S6) -> 88 | U6: =IF(T6>=评分制度!$A$26,评分制度!$B$26,IF(T6>=评分制度!$A$27,评分制度!$B$27,IF(T6>=评分制度!$A$28,评分制度!$B$28,IF(T6>=评分制度!$A$29,评分制度!$B$29,评分制度!$B$30)))) -> 优秀 | V6: 熊猫最完整，多层竹林景深最好、蹬踏联动正确；骑姿偏直，文件最大（67KB）
A7: =RANK(T7,$T$6:$T$20,0) -> 2 | B7: M3_1-Flash-Preview-Max | C7: 8 | D7: 8 | E7: 9 | F7: 14 | G7: 6 | H7: 7 | I7: 4 | J7: 8 | K7: 6 | L7: 4 | M7: 5 | N7: 4 | O7: 4 | P7: =SUM(C7:E7) -> 25 | Q7: =SUM(F7:I7) -> 31 | R7: =SUM(J7:L7) -> 18 | S7: =SUM(M7:O7) -> 13 | T7: =SUM(P7:S7) -> 87 | U7: =IF(T7>=评分制度!$A$26,评分制度!$B$26,IF(T7>=评分制度!$A$27,评分制度!$B$27,IF(T7>=评分制度!$A$28,评分制度!$B$28,IF(T7>=评分制度!$A$29,评分制度!$B$29,评分制度!$B$30)))) -> 优秀 | V7: 趴伏骑姿速度感最强，围巾飘动；吻部带胡须像猫，背部黑块不像熊猫
A8: =RANK(T8,$T$6:$T$20,0) -> 2 | B8: DeepSeek-V4_1-Flash最大 | C8: 10 | D8: 8 | E8: 8 | F8: 13 | G8: 6 | H8: 7 | I8: 4 | J8: 7 | K8: 7 | L8: 4 | M8: 5 | N8: 4 | O8: 4 | P8: =SUM(C8:E8) -> 26 | Q8: =SUM(F8:I8) -> 30 | R8: =SUM(J8:L8) -> 18 | S8: =SUM(M8:O8) -> 13 | T8: =SUM(P8:S8) -> 87 | U8: =IF(T8>=评分制度!$A$26,评分制度!$B$26,IF(T8>=评分制度!$A$27,评分制度!$B$27,IF(T8>=评分制度!$A$28,评分制度!$B$28,IF(T8>=评分制度!$A$29,评分制度!$B$29,评分制度!$B$30)))) -> 优秀 | V8: 路牌、树、挡泥板等细节好，人车结合自然；正脸配侧身略不一致
A9: =RANK(T9,$T$6:$T$20,0) -> 4 | B9: Step-5-Preview高 | C9: 10 | D9: 8 | E9: 8 | F9: 14 | G9: 6 | H9: 6 | I9: 4 | J9: 7 | K9: 6 | L9: 4 | M9: 5 | N9: 4 | O9: 4 | P9: =SUM(C9:E9) -> 26 | Q9: =SUM(F9:I9) -> 30 | R9: =SUM(J9:L9) -> 17 | S9: =SUM(M9:O9) -> 13 | T9: =SUM(P9:S9) -> 86 | U9: =IF(T9>=评分制度!$A$26,评分制度!$B$26,IF(T9>=评分制度!$A$27,评分制度!$B$27,IF(T9>=评分制度!$A$28,评分制度!$B$28,IF(T9>=评分制度!$A$29,评分制度!$B$29,评分制度!$B$30)))) -> 优秀 | V9: 彩虹、飞鸟、橙围巾，结构完整；手臂偏长，侧脸辨识度稍弱
A10: =RANK(T10,$T$6:$T$20,0) -> 4 | B10: Seed-2_1-Turbo高 | C10: 9 | D10: 8 | E10: 8 | F10: 13 | G10: 6 | H10: 7 | I10: 4 | J10: 8 | K10: 6 | L10: 4 | M10: 5 | N10: 4 | O10: 4 | P10: =SUM(C10:E10) -> 25 | Q10: =SUM(F10:I10) -> 30 | R10: =SUM(J10:L10) -> 18 | S10: =SUM(M10:O10) -> 13 | T10: =SUM(P10:S10) -> 86 | U10: =IF(T10>=评分制度!$A$26,评分制度!$B$26,IF(T10>=评分制度!$A$27,评分制度!$B$27,IF(T10>=评分制度!$A$28,评分制度!$B$28,IF(T10>=评分制度!$A$29,评分制度!$B$29,评分制度!$B$30)))) -> 优秀 | V10: 夜景氛围和尾焰最强；头盔遮耳朵，气质偏离"熊猫骑车"
A11: =RANK(T11,$T$6:$T$20,0) -> 4 | B11: Sonnet5_5_Extra_1 | C11: 11 | D11: 7 | E11: 7 | F11: 14 | G11: 7 | H11: 7 | I11: 4 | J11: 7 | K11: 5 | L11: 4 | M11: 5 | N11: 4 | O11: 4 | P11: =SUM(C11:E11) -> 25 | Q11: =SUM(F11:I11) -> 32 | R11: =SUM(J11:L11) -> 16 | S11: =SUM(M11:O11) -> 13 | T11: =SUM(P11:S11) -> 86 | U11: =IF(T11>=评分制度!$A$26,评分制度!$B$26,IF(T11>=评分制度!$A$27,评分制度!$B$27,IF(T11>=评分制度!$A$28,评分制度!$B$28,IF(T11>=评分制度!$A$29,评分制度!$B$29,评分制度!$B$30)))) -> 优秀 | V11: （Claude 自己生成）腿跟踪踏板，地面速度与车轮转速一致；场景层次不如第一名，大腿偏粗。首轮自评 88，复核后扣 2 分
A12: =RANK(T12,$T$6:$T$20,0) -> 7 | B12: DeepSeek_V4_1_Flash_Ultra | C12: 8 | D12: 8 | E12: 8 | F12: 12 | G12: 6 | H12: 7 | I12: 4 | J12: 8 | K12: 7 | L12: 3 | M12: 5 | N12: 4 | O12: 4 | P12: =SUM(C12:E12) -> 24 | Q12: =SUM(F12:I12) -> 29 | R12: =SUM(J12:L12) -> 18 | S12: =SUM(M12:O12) -> 13 | T12: =SUM(P12:S12) -> 84 | U12: =IF(T12>=评分制度!$A$26,评分制度!$B$26,IF(T12>=评分制度!$A$27,评分制度!$B$27,IF(T12>=评分制度!$A$28,评分制度!$B$28,IF(T12>=评分制度!$A$29,评分制度!$B$29,评分制度!$B$30)))) -> 优秀 | V12: 山、树、蝴蝶、渐变天空最精致；熊猫偏灰米色，动作幅度偏小
A13: =RANK(T13,$T$6:$T$20,0) -> 8 | B13: Seed-Code-高 | C13: 8 | D13: 8 | E13: 8 | F13: 13 | G13: 6 | H13: 7 | I13: 4 | J13: 6 | K13: 5 | L13: 4 | M13: 5 | N13: 4 | O13: 4 | P13: =SUM(C13:E13) -> 24 | Q13: =SUM(F13:I13) -> 30 | R13: =SUM(J13:L13) -> 15 | S13: =SUM(M13:O13) -> 13 | T13: =SUM(P13:S13) -> 82 | U13: =IF(T13>=评分制度!$A$26,评分制度!$B$26,IF(T13>=评分制度!$A$27,评分制度!$B$27,IF(T13>=评分制度!$A$28,评分制度!$B$28,IF(T13>=评分制度!$A$29,评分制度!$B$29,评分制度!$B$30)))) -> 优秀 | V13: 与 Seed-2.1 同骨架的代码主题，太暗，熊猫被背景吞没
A14: =RANK(T14,$T$6:$T$20,0) -> 9 | B14: DeepSeek_V4_1_Flash极高 | C14: 9 | D14: 7 | E14: 8 | F14: 13 | G14: 6 | H14: 7 | I14: 3 | J14: 7 | K14: 6 | L14: 3 | M14: 4 | N14: 4 | O14: 4 | P14: =SUM(C14:E14) -> 24 | Q14: =SUM(F14:I14) -> 29 | R14: =SUM(J14:L14) -> 16 | S14: =SUM(M14:O14) -> 12 | T14: =SUM(P14:S14) -> 81 | U14: =IF(T14>=评分制度!$A$26,评分制度!$B$26,IF(T14>=评分制度!$A$27,评分制度!$B$27,IF(T14>=评分制度!$A$28,评分制度!$B$28,IF(T14>=评分制度!$A$29,评分制度!$B$29,评分制度!$B$30)))) -> 优秀 | V14: 红头盔造型好；首帧左上角闪现一个齿轮，篮子在后座，车架比例怪
A15: =RANK(T15,$T$6:$T$20,0) -> 10 | B15: MiniMax-M3默认 | C15: 8 | D15: 7 | E15: 5 | F15: 12 | G15: 5 | H15: 6 | I15: 4 | J15: 8 | K15: 7 | L15: 4 | M15: 5 | N15: 4 | O15: 3 | P15: =SUM(C15:E15) -> 20 | Q15: =SUM(F15:I15) -> 27 | R15: =SUM(J15:L15) -> 19 | S15: =SUM(M15:O15) -> 12 | T15: =SUM(P15:S15) -> 78 | U15: =IF(T15>=评分制度!$A$26,评分制度!$B$26,IF(T15>=评分制度!$A$27,评分制度!$B$27,IF(T15>=评分制度!$A$28,评分制度!$B$28,IF(T15>=评分制度!$A$29,评分制度!$B$29,评分制度!$B$30)))) -> 良好 | V15: 黄昏配色很好；头与身体分离，手臂过长，腿像面条
A16: =RANK(T16,$T$6:$T$20,0) -> 11 | B16: M3-默认 | C16: 8 | D16: 7 | E16: 6 | F16: 11 | G16: 6 | H16: 5 | I16: 4 | J16: 7 | K16: 6 | L16: 4 | M16: 5 | N16: 4 | O16: 3 | P16: =SUM(C16:E16) -> 21 | Q16: =SUM(F16:I16) -> 26 | R16: =SUM(J16:L16) -> 17 | S16: =SUM(M16:O16) -> 12 | T16: =SUM(P16:S16) -> 76 | U16: =IF(T16>=评分制度!$A$26,评分制度!$B$26,IF(T16>=评分制度!$A$27,评分制度!$B$27,IF(T16>=评分制度!$A$28,评分制度!$B$28,IF(T16>=评分制度!$A$29,评分制度!$B$29,评分制度!$B$30)))) -> 良好 | V16: 正脸可爱；腿细直，手臂线条过长，没有路面，滚动感弱
A17: =RANK(T17,$T$6:$T$20,0) -> 12 | B17: DeepSeek_V4_Pro_Ultra_2 | C17: 8 | D17: 7 | E17: 4 | F17: 8 | G17: 5 | H17: 6 | I17: 3 | J17: 6 | K17: 5 | L17: 3 | M17: 5 | N17: 4 | O17: 3 | P17: =SUM(C17:E17) -> 19 | Q17: =SUM(F17:I17) -> 22 | R17: =SUM(J17:L17) -> 14 | S17: =SUM(M17:O17) -> 12 | T17: =SUM(P17:S17) -> 67 | U17: =IF(T17>=评分制度!$A$26,评分制度!$B$26,IF(T17>=评分制度!$A$27,评分制度!$B$27,IF(T17>=评分制度!$A$28,评分制度!$B$28,IF(T17>=评分制度!$A$29,评分制度!$B$29,评分制度!$B$30)))) -> 及格 | V17: 樱花树和竹捆不错；脚掌与小腿脱开漂浮，蛋形身体悬在车座上
... A20: =RANK(T20,$T$6:$T$20,0) -> 15 | B20: DeepSeek_V4_Pro_极高 | C20: 7 | D20: 5 | E20: 5 | F20: 8 | G20: 4 | H20: 4 | I20: 4 | J20: 5 | K20: 4 | L20: 2 | M20: 5 | N20: 3 | O20: 3 | P20: =SUM(C20:E20) -> 17 | Q20: =SUM(F20:I20) -> 20 | R20: =SUM(J20:L20) -> 11 | S20: =SUM(M20:O20) -> 11 | T20: =SUM(P20:S20) -> 59 | U20: =IF(T20>=评分制度!$A$26,评分制度!$B$26,IF(T20>=评分制度!$A$27,评分制度!$B$27,IF(T20>=评分制度!$A$28,评分制度!$B$28,IF(T20>=评分制度!$A$29,评分制度!$B$29,评分制度!$B$30)))) -> 有明显缺陷 | V20: 最简，头小，车架几何怪，动作幅度最低

Sheet 评分制度
A1: 评分制度（满分 100）——评价对象：提示词"做一个 熊猫骑自行车 svg动画"生成的形象与动画
A2: 分值与档位下限为蓝色输入，可修改；"评分结果"表的满分行与档位判定均引用本表。
A3: 维度 | B3: 代号 | C3: 小项 | D3: 分值 | E3: 评判标准
A4: A 形象还原 | B4: A1 | C4: 熊猫辨识度 | D4: 12 | E4: 黑耳、黑眼圈、黑四肢、白身体，可爱度与比例
A5: A 形象还原 | B5: A2 | C5: 自行车结构 | D5: 8 | E5: 车架、两轮、链条、踏板、车把是否合理
A6: A 形象还原 | B6: A3 | C6: 人车融合 | D6: 10 | E6: 坐在车座上、手握把、脚踩踏板，无悬空或脱节
A7: B 动画 | B7: B1 | C7: 核心动作 | D7: 15 | E7: 车轮转动、腿随踏板联动、动作幅度
A8: B 动画 | B8: B2 | C8: 次级动画 | D8: 8 | E8: 身体起伏、围巾、耳朵、眨眼等
A9: B 动画 | B9: B3 | C9: 速度感与环境 | D9: 7 | E9: 背景视差、地面滚动、速度线、扬尘
A10: B 动画 | B10: B4 | C10: 循环与稳定 | D10: 5 | E10: 无闪烁、首帧异常、穿帮
A11: C 视觉设计 | B11: C1 | C11: 构图配色 | D11: 8 | E11: 主体突出、对比度、色彩统一
A12: C 视觉设计 | B12: C2 | C12: 场景层次 | D12: 7 | E12: 远中近景、环境元素
A13: C 视觉设计 | B13: C3 | C13: 细节完成度 | D13: 5 | E13: 高光、阴影、小物件
A14: D 技术 | B14: D1 | C14: 有效性与干净渲染 | D14: 5 | E14: XML 合法、无报错、无外链
A15: D 技术 | B15: D2 | C15: 实现质量 | D15: 5 | E15: 纯 SMIL/CSS、元素复用、体积、title/desc
A16: D 技术 | B16: D3 | C16: 健壮性 | D16: 5 | E16: 不依赖脚本、几何一致、可维护
C17: 合计 | D17: =SUM(D4:D16) -> 100 | E17: =IF(D17=100,"OK：合计 100","注意：合计应为 100") -> OK：合计 100
A19: 维度 | D19: 分值小计
A20: A 形象还原 | D20: =SUMIF($A$4:$A$16,A20,$D$4:$D$16) -> 30
A21: B 动画 | D21: =SUMIF($A$4:$A$16,A21,$D$4:$D$16) -> 35
A22: C 视觉设计 | D22: =SUMIF($A$4:$A$16,A22,$D$4:$D$16) -> 20
A23: D 技术 | D23: =SUMIF($A$4:$A$16,A23,$D$4:$D$16) -> 15
A25: 总分下限 | B25: 档位 | C25: 含义
A26: 90 | B26: 惊艳 | C26: 专业级，几乎无短板
A27: 80 | B27: 优秀 | C27: 完成度高，有少量短板
A28: 70 | B28: 良好 | C28: 整体可用，有明显不足
A29: 60 | B29: 及格 | C29: 能看出主题，缺陷较多
A30: 0 | B30: 有明显缺陷 | C30: 形象或动画存在严重问题

Sheet 权重模拟
A1: 权重模拟：调整四个维度的权重，查看排名变化
A2: 把"维度得分率 × 新权重"相加得到新总分。默认权重 = 评分制度（30/35/20/15），此时新总分应等于原总分。权重合计需为 100。
A4: 维度 | B4: 权重(分) | C4: 说明
A5: A 形象还原 | B5: 30 | C5: 例：更看重动画时，把 B 调到 45、其余相应下调
A6: B 动画 | B6: 35
A7: C 视觉设计 | B7: 20
A8: D 技术 | B8: 15
A9: 合计 | B9: =SUM(B5:B8) -> 100 | C9: =IF(B9=100,"OK：合计 100","注意：权重合计应为 100") -> OK：合计 100
A11: 原排名 | B11: 文件 | C11: 原总分 | D11: 新总分 | E11: 新排名 | F11: 名次变化(+上升)
A12: =评分结果!A6 -> 1 | B12: =评分结果!B6 -> Sonnet5_5_Max-thinking | C12: =评分结果!T6 -> 88 | D12: =ROUND(评分结果!P6/评分结果!P$5*$B$5+评分结果!Q6/评分结果!Q$5*$B$6+评分结果!R6/评分结果!R$5*$B$7+评分结果!S6/评分结果!S$5*$B$8,1) -> 88 | E12: =RANK(D12,$D$12:$D$26,0) -> 1 | F12: =A12-E12 -> 0
A13: =评分结果!A7 -> 2 | B13: =评分结果!B7 -> M3_1-Flash-Preview-Max | C13: =评分结果!T7 -> 87 | D13: =ROUND(评分结果!P7/评分结果!P$5*$B$5+评分结果!Q7/评分结果!Q$5*$B$6+评分结果!R7/评分结果!R$5*$B$7+评分结果!S7/评分结果!S$5*$B$8,1) -> 87 | E13: =RANK(D13,$D$12:$D$26,0) -> 2 | F13: =A13-E13 -> 0
A14: =评分结果!A8 -> 2 | B14: =评分结果!B8 -> DeepSeek-V4_1-Flash最大 | C14: =评分结果!T8 -> 87 | D14: =ROUND(评分结果!P8/评分结果!P$5*$B$5+评分结果!Q8/评分结果!Q$5*$B$6+评分结果!R8/评分结果!R$5*$B$7+评分结果!S8/评分结果!S$5*$B$8,1) -> 87 | E14: =RANK(D14,$D$12:$D$26,0) -> 2 | F14: =A14-E14 -> 0
A15: =评分结果!A9 -> 4 | B15: =评分结果!B9 -> Step-5-Preview高 | C15: =评分结果!T9 -> 86 | D15: =ROUND(评分结果!P9/评分结果!P$5*$B$5+评分结果!Q9/评分结果!Q$5*$B$6+评分结果!R9/评分结果!R$5*$B$7+评分结果!S9/评分结果!S$5*$B$8,1) -> 86 | E15: =RANK(D15,$D$12:$D$26,0) -> 4 | F15: =A15-E15 -> 0
A16: =评分结果!A10 -> 4 | B16: =评分结果!B10 -> Seed-2_1-Turbo高 | C16: =评分结果!T10 -> 86 | D16: =ROUND(评分结果!P10/评分结果!P$5*$B$5+评分结果!Q10/评分结果!Q$5*$B$6+评分结果!R10/评分结果!R$5*$B$7+评分结果!S10/评分结果!S$5*$B$8,1) -> 86 | E16: =RANK(D16,$D$12:$D$26,0) -> 4 | F16: =A16-E16 -> 0
A17: =评分结果!A11 -> 4 | B17: =评分结果!B11 -> Sonnet5_5_Extra_1 | C17: =评分结果!T11 -> 86 | D17: =ROUND(评分结果!P11/评分结果!P$5*$B$5+评分结果!Q11/评分结果!Q$5*$B$6+评分结果!R11/评分结果!R$5*$B$7+评分结果!S11/评分结果!S$5*$B$8,1) -> 86 | E17: =RANK(D17,$D$12:$D$26,0) -> 4 | F17: =A17-E17 -> 0
A18: =评分结果!A12 -> 7 | B18: =评分结果!B12 -> DeepSeek_V4_1_Flash_Ultra | C18: =评分结果!T12 -> 84 | D18: =ROUND(评分结果!P12/评分结果!P$5*$B$5+评分结果!Q12/评分结果!Q$5*$B$6+评分结果!R12/评分结果!R$5*$B$7+评分结果!S12/评分结果!S$5*$B$8,1) -> 84 | E18: =RANK(D18,$D$12:$D$26,0) -> 7 | F18: =A18-E18 -> 0
A19: =评分结果!A13 -> 8 | B19: =评分结果!B13 -> Seed-Code-高 | C19: =评分结果!T13 -> 82 | D19: =ROUND(评分结果!P13/评分结果!P$5*$B$5+评分结果!Q13/评分结果!Q$5*$B$6+评分结果!R13/评分结果!R$5*$B$7+评分结果!S13/评分结果!S$5*$B$8,1) -> 82 | E19: =RANK(D19,$D$12:$D$26,0) -> 8 | F19: =A19-E19 -> 0
A20: =评分结果!A14 -> 9 | B20: =评分结果!B14 -> DeepSeek_V4_1_Flash极高 | C20: =评分结果!T14 -> 81 | D20: =ROUND(评分结果!P14/评分结果!P$5*$B$5+评分结果!Q14/评分结果!Q$5*$B$6+评分结果!R14/评分结果!R$5*$B$7+评分结果!S14/评分结果!S$5*$B$8,1) -> 81 | E20: =RANK(D20,$D$12:$D$26,0) -> 9 | F20: =A20-E20 -> 0
A21: =评分结果!A15 -> 10 | B21: =评分结果!B15 -> MiniMax-M3默认 | C21: =评分结果!T15 -> 78 | D21: =ROUND(评分结果!P15/评分结果!P$5*$B$5+评分结果!Q15/评分结果!Q$5*$B$6+评分结果!R15/评分结果!R$5*$B$7+评分结果!S15/评分结果!S$5*$B$8,1) -> 78 | E21: =RANK(D21,$D$12:$D$26,0) -> 10 | F21: =A21-E21 -> 0
A22: =评分结果!A16 -> 11 | B22: =评分结果!B16 -> M3-默认 | C22: =评分结果!T16 -> 76 | D22: =ROUND(评分结果!P16/评分结果!P$5*$B$5+评分结果!Q16/评分结果!Q$5*$B$6+评分结果!R16/评分结果!R$5*$B$7+评分结果!S16/评分结果!S$5*$B$8,1) -> 76 | E22: =RANK(D22,$D$12:$D$26,0) -> 11 | F22: =A22-E22 -> 0
A23: =评分结果!A17 -> 12 | B23: =评分结果!B17 -> DeepSeek_V4_Pro_Ultra_2 | C23: =评分结果!T17 -> 67 | D23: =ROUND(评分结果!P17/评分结果!P$5*$B$5+评分结果!Q17/评分结果!Q$5*$B$6+评分结果!R17/评分结果!R$5*$B$7+评分结果!S17/评分结果!S$5*$B$8,1) -> 67 | E23: =RANK(D23,$D$12:$D$26,0) -> 12 | F23: =A23-E23 -> 0
... A26: =评分结果!A20 -> 15 | B26: =评分结果!B20 -> DeepSeek_V4_Pro_极高 | C26: =评分结果!T20 -> 59 | D26: =ROUND(评分结果!P20/评分结果!P$5*$B$5+评分结果!Q20/评分结果!Q$5*$B$6+评分结果!R20/评分结果!R$5*$B$7+评分结果!S20/评分结果!S$5*$B$8,1) -> 59 | E26: =RANK(D26,$D$12:$D$26,0) -> 15 | F26: =A26-E26 -> 0

Sheet 自检证据
A1: 自检证据：评分与客观测量的对照
A2: 测量方法：在无头 Chromium 中按时间轴渲染每个 SVG 的 12 帧（t=0~2s，Δt≈0.12s）；"中心区帧间差异"=相邻帧像素绝对差的均值，取画面 20%~80% 宽、20%~85% 高的区域，前 8 对帧平均；体积为文件字节数。蓝色为测量值（硬编码），黑色为公式。
A4: 文件 | B4: 体积(bytes) | C4: 中心区帧间差异 | D4: 动画分(B1~B3) | E4: 总分 | F4: 秩:动画分 | G4: 秩:帧间差异 | H4: 秩:总分 | I4: 秩:体积
A5: =评分结果!B6 -> Sonnet5_5_Max-thinking | B5: 67378 | C5: 16.21 | D5: =SUM(评分结果!F6:H6) -> 27 | E5: =评分结果!T6 -> 88 | F5: =COUNTIF(D$5:D$19,"<"&D5)+(COUNTIF(D$5:D$19,D5)+1)/2 -> 13.5 | G5: =COUNTIF(C$5:C$19,"<"&C5)+(COUNTIF(C$5:C$19,C5)+1)/2 -> 14 | H5: =COUNTIF(E$5:E$19,"<"&E5)+(COUNTIF(E$5:E$19,E5)+1)/2 -> 15 | I5: =COUNTIF(B$5:B$19,"<"&B5)+(COUNTIF(B$5:B$19,B5)+1)/2 -> 15
A6: =评分结果!B7 -> M3_1-Flash-Preview-Max | B6: 26601 | C6: 13.94 | D6: =SUM(评分结果!F7:H7) -> 27 | E6: =评分结果!T7 -> 87 | F6: =COUNTIF(D$5:D$19,"<"&D6)+(COUNTIF(D$5:D$19,D6)+1)/2 -> 13.5 | G6: =COUNTIF(C$5:C$19,"<"&C6)+(COUNTIF(C$5:C$19,C6)+1)/2 -> 12 | H6: =COUNTIF(E$5:E$19,"<"&E6)+(COUNTIF(E$5:E$19,E6)+1)/2 -> 13.5 | I6: =COUNTIF(B$5:B$19,"<"&B6)+(COUNTIF(B$5:B$19,B6)+1)/2 -> 8
A7: =评分结果!B8 -> DeepSeek-V4_1-Flash最大 | B7: 26483 | C7: 12.31 | D7: =SUM(评分结果!F8:H8) -> 26 | E7: =评分结果!T8 -> 87 | F7: =COUNTIF(D$5:D$19,"<"&D7)+(COUNTIF(D$5:D$19,D7)+1)/2 -> 10 | G7: =COUNTIF(C$5:C$19,"<"&C7)+(COUNTIF(C$5:C$19,C7)+1)/2 -> 9 | H7: =COUNTIF(E$5:E$19,"<"&E7)+(COUNTIF(E$5:E$19,E7)+1)/2 -> 13.5 | I7: =COUNTIF(B$5:B$19,"<"&B7)+(COUNTIF(B$5:B$19,B7)+1)/2 -> 7
A8: =评分结果!B9 -> Step-5-Preview高 | B8: 49878 | C8: 15.83 | D8: =SUM(评分结果!F9:H9) -> 26 | E8: =评分结果!T9 -> 86 | F8: =COUNTIF(D$5:D$19,"<"&D8)+(COUNTIF(D$5:D$19,D8)+1)/2 -> 10 | G8: =COUNTIF(C$5:C$19,"<"&C8)+(COUNTIF(C$5:C$19,C8)+1)/2 -> 13 | H8: =COUNTIF(E$5:E$19,"<"&E8)+(COUNTIF(E$5:E$19,E8)+1)/2 -> 11 | I8: =COUNTIF(B$5:B$19,"<"&B8)+(COUNTIF(B$5:B$19,B8)+1)/2 -> 14
A9: =评分结果!B10 -> Seed-2_1-Turbo高 | B9: 27819 | C9: 12.41 | D9: =SUM(评分结果!F10:H10) -> 26 | E9: =评分结果!T10 -> 86 | F9: =COUNTIF(D$5:D$19,"<"&D9)+(COUNTIF(D$5:D$19,D9)+1)/2 -> 10 | G9: =COUNTIF(C$5:C$19,"<"&C9)+(COUNTIF(C$5:C$19,C9)+1)/2 -> 11 | H9: =COUNTIF(E$5:E$19,"<"&E9)+(COUNTIF(E$5:E$19,E9)+1)/2 -> 11 | I9: =COUNTIF(B$5:B$19,"<"&B9)+(COUNTIF(B$5:B$19,B9)+1)/2 -> 9
A10: =评分结果!B11 -> Sonnet5_5_Extra_1 | B10: 34554 | C10: 17.68 | D10: =SUM(评分结果!F11:H11) -> 28 | E10: =评分结果!T11 -> 86 | F10: =COUNTIF(D$5:D$19,"<"&D10)+(COUNTIF(D$5:D$19,D10)+1)/2 -> 15 | G10: =COUNTIF(C$5:C$19,"<"&C10)+(COUNTIF(C$5:C$19,C10)+1)/2 -> 15 | H10: =COUNTIF(E$5:E$19,"<"&E10)+(COUNTIF(E$5:E$19,E10)+1)/2 -> 11 | I10: =COUNTIF(B$5:B$19,"<"&B10)+(COUNTIF(B$5:B$19,B10)+1)/2 -> 11
A11: =评分结果!B12 -> DeepSeek_V4_1_Flash_Ultra | B11: 42827 | C11: 8.22 | D11: =SUM(评分结果!F12:H12) -> 25 | E11: =评分结果!T12 -> 84 | F11: =COUNTIF(D$5:D$19,"<"&D11)+(COUNTIF(D$5:D$19,D11)+1)/2 -> 7 | G11: =COUNTIF(C$5:C$19,"<"&C11)+(COUNTIF(C$5:C$19,C11)+1)/2 -> 5 | H11: =COUNTIF(E$5:E$19,"<"&E11)+(COUNTIF(E$5:E$19,E11)+1)/2 -> 9 | I11: =COUNTIF(B$5:B$19,"<"&B11)+(COUNTIF(B$5:B$19,B11)+1)/2 -> 13
A12: =评分结果!B13 -> Seed-Code-高 | B12: 31402 | C12: 8.76 | D12: =SUM(评分结果!F13:H13) -> 26 | E12: =评分结果!T13 -> 82 | F12: =COUNTIF(D$5:D$19,"<"&D12)+(COUNTIF(D$5:D$19,D12)+1)/2 -> 10 | G12: =COUNTIF(C$5:C$19,"<"&C12)+(COUNTIF(C$5:C$19,C12)+1)/2 -> 6 | H12: =COUNTIF(E$5:E$19,"<"&E12)+(COUNTIF(E$5:E$19,E12)+1)/2 -> 8 | I12: =COUNTIF(B$5:B$19,"<"&B12)+(COUNTIF(B$5:B$19,B12)+1)/2 -> 10
A13: =评分结果!B14 -> DeepSeek_V4_1_Flash极高 | B13: 36489 | C13: 10.91 | D13: =SUM(评分结果!F14:H14) -> 26 | E13: =评分结果!T14 -> 81 | F13: =COUNTIF(D$5:D$19,"<"&D13)+(COUNTIF(D$5:D$19,D13)+1)/2 -> 10 | G13: =COUNTIF(C$5:C$19,"<"&C13)+(COUNTIF(C$5:C$19,C13)+1)/2 -> 8 | H13: =COUNTIF(E$5:E$19,"<"&E13)+(COUNTIF(E$5:E$19,E13)+1)/2 -> 7 | I13: =COUNTIF(B$5:B$19,"<"&B13)+(COUNTIF(B$5:B$19,B13)+1)/2 -> 12
A14: =评分结果!B15 -> MiniMax-M3默认 | B14: 20987 | C14: 12.4 | D14: =SUM(评分结果!F15:H15) -> 23 | E14: =评分结果!T15 -> 78 | F14: =COUNTIF(D$5:D$19,"<"&D14)+(COUNTIF(D$5:D$19,D14)+1)/2 -> 6 | G14: =COUNTIF(C$5:C$19,"<"&C14)+(COUNTIF(C$5:C$19,C14)+1)/2 -> 10 | H14: =COUNTIF(E$5:E$19,"<"&E14)+(COUNTIF(E$5:E$19,E14)+1)/2 -> 6 | I14: =COUNTIF(B$5:B$19,"<"&B14)+(COUNTIF(B$5:B$19,B14)+1)/2 -> 6
A15: =评分结果!B16 -> M3-默认 | B15: 20821 | C15: 9.64 | D15: =SUM(评分结果!F16:H16) -> 22 | E15: =评分结果!T16 -> 76 | F15: =COUNTIF(D$5:D$19,"<"&D15)+(COUNTIF(D$5:D$19,D15)+1)/2 -> 5 | G15: =COUNTIF(C$5:C$19,"<"&C15)+(COUNTIF(C$5:C$19,C15)+1)/2 -> 7 | H15: =COUNTIF(E$5:E$19,"<"&E15)+(COUNTIF(E$5:E$19,E15)+1)/2 -> 5 | I15: =COUNTIF(B$5:B$19,"<"&B15)+(COUNTIF(B$5:B$19,B15)+1)/2 -> 5
A16: =评分结果!B17 -> DeepSeek_V4_Pro_Ultra_2 | B16: 17505 | C16: 6.84 | D16: =SUM(评分结果!F17:H17) -> 19 | E16: =评分结果!T17 -> 67 | F16: =COUNTIF(D$5:D$19,"<"&D16)+(COUNTIF(D$5:D$19,D16)+1)/2 -> 4 | G16: =COUNTIF(C$5:C$19,"<"&C16)+(COUNTIF(C$5:C$19,C16)+1)/2 -> 4 | H16: =COUNTIF(E$5:E$19,"<"&E16)+(COUNTIF(E$5:E$19,E16)+1)/2 -> 4 | I16: =COUNTIF(B$5:B$19,"<"&B16)+(COUNTIF(B$5:B$19,B16)+1)/2 -> 4
... A19: =评分结果!B20 -> DeepSeek_V4_Pro_极高 | B19: 10828 | C19: 3.33 | D19: =SUM(评分结果!F20:H20) -> 16 | E19: =评分结果!T20 -> 59 | F19: =COUNTIF(D$5:D$19,"<"&D19)+(COUNTIF(D$5:D$19,D19)+1)/2 -> 1 | G19: =COUNTIF(C$5:C$19,"<"&C19)+(COUNTIF(C$5:C$19,C19)+1)/2 -> 1 | H19: =COUNTIF(E$5:E$19,"<"&E19)+(COUNTIF(E$5:E$19,E19)+1)/2 -> 1 | I19: =COUNTIF(B$5:B$19,"<"&B19)+(COUNTIF(B$5:B$19,B19)+1)/2 -> 1
A21: 等级相关（Spearman，并列取平均秩）
A22: 动画分 vs 中心区帧间差异 | B22: =CORREL(F5:F19,G5:G19) -> 0.89188259 | C22: 越接近 1，说明动画评分与实测动作量越一致
A23: 总分 vs 文件体积 | B23: =CORREL(H5:H19,I5:I19) -> 0.7623395 | C23: 偏高说明有"体积越大分越高"的倾向，需结合小文件高分的例子判断
A24: 注：对话回答中的 0.81 / 0.76 按并列顺序编号计算，本表用并列取平均秩，数值可能略有差异。
A26: 自评敏感性（Sonnet5_5_Extra_1）
A27: 首轮自评总分 | B27: 88 | C27: 首轮打分（复核前）；复核扣 2 分：人车融合 8→7，健壮性 5→4
A28: 复核后总分 | B28: =评分结果!T11 -> 86
A29: 再扣分（可调） | B29: 3 | C29: 假设自评仍偏高，模拟再扣多少分
A30: 扣后总分 | B30: =B28-B29 -> 83
A31: 扣后名次 | B31: =COUNTIF(评分结果!T6:T20,">"&B30)-IF(B28>B30,1,0)+1 -> 7 | C31: 其余 14 个文件分数不变时的名次
A33: 自检记录与局限
A34: 利益冲突 | B34: Sonnet5_5_Extra_1.svg 与本对话中 Claude 生成的 "Sonnet5,5 Extra.svg" 逐字节相同（34,554 字节），已用同一标准评分并在复核时下调。
A35: 梯队判断 | B35: 前 6 名分差仅 2 分，应视为并列梯队，不宜过度解读名次；无文件达到 90 分，因为每个作品都有明显短板。
A36: 主观误差 | B36: 评分有约 ±3 分的主观误差，A 类形象项最易受个人审美影响。
A37: 未测内容 | B37: 仅看了 0~2 秒的 12 帧；未测 30 秒以上背景长周期循环的接缝、Safari/移动端兼容性、真机帧率。
A38: 建议 | B38: 人工抽 3 个文件打分与本表对照校准；若更看重动画，可在"权重模拟"表调高 B 的权重。
